,IDF
lengkap,2.7508701982851385
kampus,1.0956227498197437
banget,1.2929821839782387
fasilitas,2.6330871626287546
keren,2.735366011749173
pusing,3.125563647726549
duh,3.0596056799347515
numpuk,3.172083663361442
tugas,0.818443399567112
kuliah,2.3045830956567186
seru,1.9824995964876055
kerja,2.958509563063383
minggu,2.1057322369115536
dosen,1.4630159099785
cari,4.712528704308591
nilai,3.865230843921387
sulit,4.9638431325894965
mahasiswa,3.6908774567766094
asih,5.523458920524919
kalo,3.865230843921387
kanan,2.3045830956567186
ajar,3.7742590657156603
gue,3.865230843921387
santai,5.523458920524919
pdb,6.2166061010848646
biar,4.511858008846439
gin,4.607168188650764
sayang,4.830311739964974
bagus,4.511858008846439
bisnis,4.712528704308591
anjyr,6.2166061010848646
ekopembangunan,6.2166061010848646
dengar,5.3003153692107094
nomor,4.2017030805426
banding,5.811140992976701
kemarin,5.117993812416755
pasar,6.2166061010848646
internasional,5.523458920524919
pariwisata,6.2166061010848646
teman,3.577548771469606
bahas,5.117993812416755
muak,6.2166061010848646
tau,6.2166061010848646
ekonomi,5.3003153692107094
batu,4.42484663185681
sawahlunto,6.2166061010848646
psdku,6.2166061010848646
sepi,2.2369244471829037
anjing,5.117993812416755
ayam,4.344803924183274
buka,4.2017030805426
alam,4.607168188650764
organisasi,4.712528704308591
bicara,4.511858008846439
uang,5.3003153692107094
usaha,5.523458920524919
rekrut,6.2166061010848646
larang,5.811140992976701
giat,5.523458920524919
islam,3.914021008090819
promosi,5.811140992976701
pakai,4.607168188650764
universitas,3.2988353690005856
katolik,5.811140992976701
orang,3.4757660771596637
hehe,5.3003153692107094
lembut,5.811140992976701
mulut,5.523458920524919
jual,5.3003153692107094
penuh,4.830311739964974
makan,4.270695952029551
viscoff,6.2166061010848646
belanja,5.523458920524919
kejut,5.811140992976701
hai,4.830311739964974
gas,6.2166061010848646
cemberut,6.2166061010848646
kasih,3.5085558999826545
terima,3.2721671219184243
sabar,3.6908774567766094
ngejelasin,3.8187108282864943
materi,3.7742590657156603
lambat,5.117993812416755
kirim,4.270695952029551
oke,5.811140992976701
suka,5.117993812416755
bantu,2.7508701982851385
super,3.0385522707369192
kelas,2.5277266469709283
enam,6.2166061010848646
tuan,5.811140992976701
selesai,4.2017030805426
kaki,5.117993812416755
pergi,4.019381523748645
untung,4.9638431325894965
milik,3.2988353690005856
ku,4.076539937588594
sih,3.914021008090819
ruang,5.3003153692107094
upaya,5.811140992976701
mhn,6.2166061010848646
aman,4.511858008846439
diskriminasi,6.2166061010848646
kelar,2.8844015909096608
sembuh,2.8322158377390907
yang,6.2166061010848646
telepon,5.523458920524919
hormat,6.2166061010848646
lampau,6.2166061010848646
tumbuh,5.811140992976701
gila,4.830311739964974
perilaku,5.811140992976701
kontol,5.117993812416755
enak,4.830311739964974
diajakin,6.2166061010848646
tesis,6.2166061010848646
terharuu,6.2166061010848646
omong,4.42484663185681
ah,3.3262343431887
subhanallah,6.2166061010848646
leyeh2,6.2166061010848646
suruh,5.523458920524919
ngobrolin,6.2166061010848646
dosenny,6.2166061010848646
malaikat,6.2166061010848646
turun,4.9638431325894965
perawan,6.2166061010848646
rekam,5.523458920524919
ngentot,5.523458920524919
lantai,6.2166061010848646
rusak,5.117993812416755
mahasiswi,5.523458920524919
bokep,5.811140992976701
video,5.523458920524919
unduh,6.2166061010848646
padat,5.523458920524919
ya,3.3544052201553964
tok,5.3003153692107094
biodata,6.2166061010848646
intinyaa,6.2166061010848646
bosan,5.3003153692107094
sore,5.811140992976701
jam,4.712528704308591
pablo,5.811140992976701
5,4.344803924183274
juli,5.3003153692107094
polteka,6.2166061010848646
2,3.914021008090819
mangunwijaya,6.2166061010848646
15,6.2166061010848646
lowong,6.2166061010848646
tenggat,3.577548771469606
farmasi,5.811140992976701
isi,5.3003153692107094
hadir,5.523458920524919
wanita,5.3003153692107094
rohani,6.2166061010848646
ayo,5.811140992976701
man,6.2166061010848646
muslim,5.523458920524919
cinta,3.865230843921387
ribet,3.9653143024783697
kali,3.7742590657156603
periode,5.523458920524919
narkoba,6.2166061010848646
cina,5.523458920524919
energi,6.2166061010848646
ganti,5.117993812416755
presiden,4.830311739964974
asing,5.523458920524919
kurikulum,6.2166061010848646
utang,4.607168188650764
salam,5.523458920524919
kiri,6.2166061010848646
ii,6.2166061010848646
bts,6.2166061010848646
tangan,4.344803924183274
xd,6.2166061010848646
dvd,6.2166061010848646
biografi,6.2166061010848646
jepang,5.3003153692107094
cek,5.811140992976701
lihat,3.8187108282864943
vidio,6.2166061010848646
pamer,6.2166061010848646
mulus,5.523458920524919
bugil,5.811140992976701
merah,5.811140992976701
cantik,5.3003153692107094
memek,6.2166061010848646
putih,5.523458920524919
zolim,5.811140992976701
dang,5.811140992976701
asli,4.830311739964974
inputnya,5.811140992976701
bgitulah,4.830311739964974
zaman,5.811140992976701
uts,5.117993812416755
90an,5.811140992976701
degdegan,5.117993812416755
bunuh,4.9638431325894965
masuk,3.865230843921387
siang,5.811140992976701
alergi,6.2166061010848646
kompetisi,5.811140992976701
bareng,5.811140992976701
jojo,5.811140992976701
layan,4.9638431325894965
main,3.865230843921387
kuat,3.9653143024783697
rss,6.2166061010848646
muncul,5.811140992976701
alas,4.270695952029551
siswa,4.830311739964974
jatuh,4.344803924183274
jerawat,6.2166061010848646
ampun,3.6908774567766094
ngerjain,3.6516567436233283
bentar,3.7316994512968646
tuhan,5.3003153692107094
hubung,6.2166061010848646
studi,5.523458920524919
a,3.7742590657156603
kanada,5.811140992976701
televisi,6.2166061010848646
jenis,5.523458920524919
kawan,5.3003153692107094
guru,4.511858008846439
gigi,5.811140992976701
hajar,6.2166061010848646
motivasi,5.811140992976701
halaman,5.117993812416755
terjemah,6.2166061010848646
keluh,5.3003153692107094
semangat,5.811140992976701
habis,5.117993812416755
12,5.811140992976701
paham,3.4132457201783297
kelompok,4.076539937588594
bahasa,3.2721671219184243
lantan,5.811140992976701
covid,4.9638431325894965
19,4.9638431325894965
atur,5.523458920524919
langsung,4.344803924183274
situasi,4.511858008846439
tanggung,5.117993812416755
memberitahukan,6.2166061010848646
kendali,6.2166061010848646
gombak,5.3003153692107094
inggris,3.542457451658336
gaji,5.523458920524919
rupiah,5.3003153692107094
pikir,4.019381523748645
moga,4.607168188650764
timpang,6.2166061010848646
hasil,4.830311739964974
juta,5.811140992976701
rencana,6.2166061010848646
panggung,6.2166061010848646
2021,4.9638431325894965
peringkat,5.811140992976701
lembaga,4.607168188650764
indonesia,4.137164559405029
gambar,5.523458920524919
rilis,5.811140992976701
geprek,6.2166061010848646
selatan,5.811140992976701
citra,6.2166061010848646
hilang,4.9638431325894965
akreditasi,6.2166061010848646
dulunya,6.2166061010848646
rapi,6.2166061010848646
tunggu,4.830311739964974
kenya,6.2166061010848646
pilih,4.607168188650764
gunung,5.811140992976701
pimpin,5.117993812416755
tarung,6.2166061010848646
jalan,4.2017030805426
lapor,4.712528704308591
goreng,5.811140992976701
bambang,6.2166061010848646
tingkat,6.2166061010848646
ditanyain,6.2166061010848646
jadi,5.811140992976701
bungkus,6.2166061010848646
evaluasi,5.811140992976701
emosi,6.2166061010848646
percaya,4.9638431325894965
syukur,4.830311739964974
hukum,4.712528704308591
kenal,5.3003153692107094
pulang,5.3003153692107094
lumpur,5.811140992976701
tiru,5.811140992976701
roji,6.2166061010848646
salju,6.2166061010848646
salah,3.865230843921387
kritik,4.9638431325894965
smt,5.117993812416755
tbtb,5.811140992976701
kangen,6.2166061010848646
siluman,6.2166061010848646
kucing,4.42484663185681
malu,5.523458920524919
tolong,4.607168188650764
abdulrahman,5.3003153692107094
oposisi,5.117993812416755
gerak,4.712528704308591
buta,5.3003153692107094
abdulrazaq,5.3003153692107094
wajib,5.3003153692107094
kritikus,5.3003153692107094
sibuk,4.607168188650764
03,5.523458920524919
putra,4.607168188650764
luas,5.811140992976701
kolaborasi,6.2166061010848646
tanggal,4.511858008846439
ppv,5.811140992976701
kapten,6.2166061010848646
untuk2,6.2166061010848646
vaksin,5.811140992976701
tahap,6.2166061010848646
spesial,5.523458920524919
gorontalo,6.2166061010848646
peduli,5.3003153692107094
palu,6.2166061010848646
posko,6.2166061010848646
who,5.117993812416755
tinggal,4.2017030805426
utuh,6.2166061010848646
antar,6.2166061010848646
cowok,6.2166061010848646
jujur,5.523458920524919
warung,5.3003153692107094
duduk,5.117993812416755
cakrawala,6.2166061010848646
bangkang,6.2166061010848646
daftar,5.117993812416755
salah2,6.2166061010848646
aktif,5.3003153692107094
rusia,6.2166061010848646
sambung,6.2166061010848646
ntar2,6.2166061010848646
unggah,6.2166061010848646
rajin,6.2166061010848646
diskusi,5.3003153692107094
ken,5.117993812416755
20,5.523458920524919
induk,5.811140992976701
berkah,5.523458920524919
3porsi,5.811140992976701
jumat,5.3003153692107094
kriteria,5.811140992976701
1,4.270695952029551
lajang,5.811140992976701
besok,5.3003153692107094
bagibagi,5.811140992976701
dimsum,5.811140992976701
hahahha,6.2166061010848646
aduh,6.2166061010848646
kontroversi,6.2166061010848646
film,5.523458920524919
bulat,6.2166061010848646
ha,5.117993812416755
netflix,6.2166061010848646
undang,5.523458920524919
sungguh,4.270695952029551
nyuruh,4.137164559405029
pipa,4.344803924183274
berani,3.865230843921387
bukti,5.811140992976701
jamban,5.811140992976701
rakyat,4.712528704308591
cerca,6.2166061010848646
tuh,4.9638431325894965
komite,5.3003153692107094
sekian,5.523458920524919
melati,5.811140992976701
menteri,5.523458920524919
puncak,5.811140992976701
lari,5.3003153692107094
wakil,4.830311739964974
perdana,6.2166061010848646
miskin,5.811140992976701
raja,6.2166061010848646
hidup,5.117993812416755
parah,5.811140992976701
ganggu,5.3003153692107094
teror,6.2166061010848646
simpan,5.811140992976701
tawar,5.811140992976701
fh,6.2166061010848646
gar,6.2166061010848646
aktivis,6.2166061010848646
penggrebekan,6.2166061010848646
tegang,6.2166061010848646
teroris,5.811140992976701
kapolri,6.2166061010848646
negara,3.914021008090819
laku,4.712528704308591
ipg,4.9638431325894965
sabah,5.117993812416755
tulang,5.811140992976701
asrama,5.523458920524919
tertawa,5.3003153692107094
bilang,5.3003153692107094
taman,5.3003153692107094
puasa,6.2166061010848646
bukber,6.2166061010848646
diam,4.9638431325894965
rumah,4.2017030805426
kluyuran,6.2166061010848646
seminar,6.2166061010848646
ben,6.2166061010848646
temu,4.42484663185681
injak,5.811140992976701
mineralogi,6.2166061010848646
lapang,5.523458920524919
laboratorium,5.117993812416755
deh,5.811140992976701
tutup,4.712528704308591
sekolah,4.511858008846439
tamu,6.2166061010848646
h,5.523458920524919
6tugas,6.2166061010848646
resimen,6.2166061010848646
setapak,6.2166061010848646
kelelawar,6.2166061010848646
susun,5.811140992976701
sinting,5.811140992976701
lengan,5.811140992976701
kemeja,5.811140992976701
karang,4.830311739964974
kontak,6.2166061010848646
nadia,6.2166061010848646
sksksk,6.2166061010848646
putri,6.2166061010848646
apedehal,6.2166061010848646
b,4.712528704308591
bebas,4.9638431325894965
pajak,6.2166061010848646
bodoh,4.607168188650764
sahabat,5.523458920524919
nya,5.811140992976701
harga,4.830311739964974
pita,5.811140992976701
xxxd,6.2166061010848646
ribu,5.523458920524919
menit,5.117993812416755
kacang,6.2166061010848646
sayur,5.811140992976701
lumayan,5.523458920524919
beli,4.830311739964974
lindung,5.811140992976701
tumis,6.2166061010848646
dadar,6.2166061010848646
telur,6.2166061010848646
ongkos,6.2166061010848646
survei,5.3003153692107094
aneh,5.811140992976701
bandung,5.811140992976701
cebong,6.2166061010848646
dukung,5.3003153692107094
bawa,5.3003153692107094
kayak,4.270695952029551
teknologi,5.3003153692107094
luhut,6.2166061010848646
perahu,4.830311739964974
reklamasi,6.2166061010848646
anak,3.7742590657156603
murid,4.019381523748645
selangor,5.811140992976701
lahir,5.3003153692107094
perhati,5.811140992976701
jamin,6.2166061010848646
tambun,6.2166061010848646
amerika,5.811140992976701
masyarakat,5.3003153692107094
adikuasa,6.2166061010848646
paksa,5.3003153692107094
t,4.344803924183274
dagang,6.2166061010848646
mimpi,5.523458920524919
sempurna,5.3003153692107094
kuasa,5.811140992976701
kena,5.3003153692107094
politik,4.9638431325894965
pandang,6.2166061010848646
dasar,4.9638431325894965
ular,6.2166061010848646
keras,5.811140992976701
pribadi,4.830311739964974
sederhana,6.2166061010848646
pesan,5.523458920524919
dunia,5.117993812416755
kait,5.3003153692107094
populasi,6.2166061010848646
waspada,5.811140992976701
orientasi,5.811140992976701
indak,6.2166061010848646
utama,5.3003153692107094
batang,5.811140992976701
arti,5.523458920524919
garis,5.3003153692107094
jernih,6.2166061010848646
periksa,6.2166061010848646
kerdil,6.2166061010848646
pasal,5.3003153692107094
cerita,5.523458920524919
tekan,5.117993812416755
allah,5.523458920524919
mudah,5.811140992976701
pohon,5.117993812416755
cemara,5.3003153692107094
sosial,5.523458920524919
lulus,4.712528704308591
mikrofon,6.2166061010848646
forum,5.811140992976701
media,5.3003153692107094
mati,5.523458920524919
ancam,6.2166061010848646
dihadang,6.2166061010848646
aparat,6.2166061010848646
4,4.830311739964974
3,4.830311739964974
kambing,5.811140992976701
nyebrang,6.2166061010848646
eh,4.2017030805426
takut,4.344803924183274
histeris,6.2166061010848646
tabrak,6.2166061010848646
angka,5.523458920524919
nyerbu,6.2166061010848646
badai,6.2166061010848646
0,5.811140992976701
komputer,6.2166061010848646
lu,5.811140992976701
50,5.811140992976701
kls,6.2166061010848646
butuh,4.42484663185681
twitter,5.811140992976701
kagum,5.811140992976701
mari,5.811140992976701
program,5.523458920524919
makro,6.2166061010848646
membedain,6.2166061010848646
jokowi,6.2166061010848646
digital,6.2166061010848646
jokowidosen,6.2166061010848646
calon,6.2166061010848646
ymhnggx8nndalam,6.2166061010848646
capres,6.2166061010848646
mikro,6.2166061010848646
kalifornia,6.2166061010848646
salib,6.2166061010848646
drama,6.2166061010848646
korea,5.811140992976701
coklat,6.2166061010848646
premi,5.811140992976701
ikan,4.9638431325894965
banjir,6.2166061010848646
keping,6.2166061010848646
tokopedia,6.2166061010848646
kod,5.811140992976701
coba,4.9638431325894965
benda,4.712528704308591
biskuit,6.2166061010848646
rm3,6.2166061010848646
manis,6.2166061010848646
daerah,5.3003153692107094
kering,6.2166061010848646
teratai,6.2166061010848646
garing,6.2166061010848646
leleh,6.2166061010848646
kue,5.811140992976701
dijodohin,6.2166061010848646
galak,5.811140992976701
markhyuck,6.2166061010848646
45,5.811140992976701
pendek,6.2166061010848646
isap,6.2166061010848646
kedip,6.2166061010848646
staf,5.811140992976701
keluarga,5.523458920524919
gaul,6.2166061010848646
kanak,6.2166061010848646
anggota2,6.2166061010848646
laksana,5.811140992976701
kabel,5.811140992976701
ajaib,6.2166061010848646
anggar,5.3003153692107094
mes,5.523458920524919
jerat,6.2166061010848646
cerdas,6.2166061010848646
boros,5.811140992976701
s2,6.2166061010848646
kejar,5.523458920524919
tetangga,6.2166061010848646
tambak,5.811140992976701
rumput,5.811140992976701
belah,5.811140992976701
gairah,6.2166061010848646
raya,5.811140992976701
mobil,5.811140992976701
ekspor,6.2166061010848646
laut,6.2166061010848646
biologi,5.811140992976701
kuala,5.3003153692107094
zainal,5.811140992976701
memperkenalka,6.2166061010848646
binti,6.2166061010848646
sortir,5.523458920524919
buruk,5.523458920524919
nurhamimah,6.2166061010848646
dokter,5.117993812416755
semester,4.712528704308591
nelson,6.2166061010848646
pinang,5.523458920524919
pulau,5.3003153692107094
lingkar,5.811140992976701
amin,5.3003153692107094
baca,5.117993812416755
hantu,5.811140992976701
yasin,6.2166061010848646
pahang,5.523458920524919
laki,5.117993812416755
air,5.811140992976701
madah,6.2166061010848646
makhluk,6.2166061010848646
sorg2,6.2166061010848646
batas,5.811140992976701
tiber,6.2166061010848646
kluster,5.811140992976701
izin,5.811140992976701
gendeng,6.2166061010848646
gelar,6.2166061010848646
lucu,5.811140992976701
palsu,6.2166061010848646
bongkar,6.2166061010848646
keburu,6.2166061010848646
ilmu,5.117993812416755
ijin,5.811140992976701
harusnyakan,5.523458920524919
alumni,4.9638431325894965
praktek,5.523458920524919
otoritas,5.523458920524919
langgan,5.3003153692107094
hibur,5.811140992976701
utus,5.811140992976701
mega,5.811140992976701
april,5.811140992976701
alquran,5.811140992976701
sehat,4.830311739964974
tentara,5.523458920524919
budaya,4.9638431325894965
sains,4.9638431325894965
wira,5.811140992976701
polisi,5.117993812416755
malaysia,5.117993812416755
artis,5.523458920524919
uji,4.42484663185681
jadwal,5.3003153692107094
tua,5.117993812416755
mei,5.523458920524919
singgung,5.3003153692107094
protes,5.523458920524919
bora,6.2166061010848646
teori,6.2166061010848646
gelisah,6.2166061010848646
koneksi,6.2166061010848646
variabel,5.811140992976701
skripsi,4.9638431325894965
hak,6.2166061010848646
gagal,6.2166061010848646
bahan,5.811140992976701
jiwa,5.811140992976701
sedih,5.117993812416755
cepat,4.830311739964974
tindak,6.2166061010848646
juang,4.712528704308591
tunda,6.2166061010848646
serah,4.9638431325894965
tanda,5.811140992976701
tanggap,6.2166061010848646
hotel,5.523458920524919
bab,5.523458920524919
doang,4.830311739964974
teliti,4.9638431325894965
informanya,5.523458920524919
plus,5.3003153692107094
data,5.3003153692107094
jogja,5.811140992976701
revisi,4.830311739964974
nanyain,5.811140992976701
hubungin,5.523458920524919
siku,4.9638431325894965
mode,4.712528704308591
erti,4.607168188650764
jakarta,5.811140992976701
legenda,6.2166061010848646
rem,6.2166061010848646
peprus,6.2166061010848646
kakak,5.3003153692107094
cetak,5.811140992976701
pos,5.811140992976701
hitam,5.811140992976701
lain2,6.2166061010848646
pdpr,6.2166061010848646
a4,6.2166061010848646
ukur,5.523458920524919
kertas,4.712528704308591
fotostat,6.2166061010848646
surat,5.523458920524919
syah,5.811140992976701
kwh,6.2166061010848646
jilid,6.2166061010848646
gua,5.3003153692107094
11,5.3003153692107094
tempo,4.607168188650764
tas,6.2166061010848646
pekan,4.830311739964974
favorit,6.2166061010848646
melaka,5.811140992976701
asosiasi,6.2166061010848646
28,5.523458920524919
bangun,4.607168188650764
alamat,5.811140992976701
77300,6.2166061010848646
nipis,6.2166061010848646
jeruk,6.2166061010848646
diploma,5.811140992976701
kelola,5.523458920524919
345,5.811140992976701
ab107,6.2166061010848646
sumber,5.811140992976701
r,5.523458920524919
mqa,5.811140992976701
pahat,5.523458920524919
manusia,5.523458920524919
0042,5.811140992976701
2025,5.811140992976701
hangat,6.2166061010848646
minum,6.2166061010848646
udara,6.2166061010848646
gojek,6.2166061010848646
tilang,6.2166061010848646
berangkat,6.2166061010848646
selai,5.3003153692107094
2jam,6.2166061010848646
bus,6.2166061010848646
burung,5.3003153692107094
panas2,6.2166061010848646
terik,6.2166061010848646
macet,6.2166061010848646
jalur,5.523458920524919
sen,6.2166061010848646
3kali,6.2166061010848646
10,5.523458920524919
macan,6.2166061010848646
tj,6.2166061010848646
pegang,6.2166061010848646
44,5.811140992976701
dasco,5.811140992976701
asn,5.811140992976701
sufmi,5.811140992976701
atk,5.811140992976701
dahliah,6.2166061010848646
peristiwa,5.811140992976701
rw,6.2166061010848646
ngechat,5.811140992976701
hadap,5.3003153692107094
seranta,6.2166061010848646
pocong,6.2166061010848646
peluk,6.2166061010848646
taktik,5.811140992976701
haiasoh,5.3003153692107094
tembak,5.3003153692107094
saudari,4.830311739964974
aksi,6.2166061010848646
tuntut,5.811140992976701
soeharto,6.2166061010848646
kalah,5.523458920524919
kristen,5.811140992976701
csis,6.2166061010848646
demonstrasi,6.2166061010848646
uki,6.2166061010848646
atma,6.2166061010848646
gencar,6.2166061010848646
lawan,5.523458920524919
trisakti,6.2166061010848646
tarumanegara,6.2166061010848646
henti,5.3003153692107094
jaya,6.2166061010848646
afiliasi,6.2166061010848646
elite,6.2166061010848646
hektar,5.523458920524919
ponpes,5.811140992976701
madrasah,5.523458920524919
alazhar,6.2166061010848646
triliun,5.523458920524919
proyek,5.523458920524919
142,5.811140992976701
ummat,5.811140992976701
referensi,5.811140992976701
masjid,5.523458920524919
berita,5.811140992976701
ragu,5.523458920524919
dpr,6.2166061010848646
zona,6.2166061010848646
dprd,6.2166061010848646
komentar,5.811140992976701
bom,6.2166061010848646
gedung,6.2166061010848646
lgsng,6.2166061010848646
pengin,6.2166061010848646
target,6.2166061010848646
unri,6.2166061010848646
duga,6.2166061010848646
fadli,6.2166061010848646
rina,6.2166061010848646
putus,5.3003153692107094
tidur,4.9638431325894965
toklh,6.2166061010848646
daki,6.2166061010848646
kepala,4.9638431325894965
agama,5.117993812416755
toleransi,6.2166061010848646
saran,6.2166061010848646
suci,5.811140992976701
kitab,5.811140992976701
bayang,5.3003153692107094
matkul,5.523458920524919
kera,5.523458920524919
doa,5.811140992976701
cerocos,5.811140992976701
nih,4.712528704308591
mulu,5.3003153692107094
panggil,5.811140992976701
wkwkwk,6.2166061010848646
kuning,6.2166061010848646
gede,5.523458920524919
berang,6.2166061010848646
realisasi,5.811140992976701
anies,5.523458920524919
korupsi,5.811140992976701
bajing,5.523458920524919
janji,5.811140992976701
tampil,6.2166061010848646
catat,5.117993812416755
line,5.117993812416755
gatal,5.811140992976701
on,5.117993812416755
boro,5.811140992976701
tes,5.117993812416755
25,5.811140992976701
nama,5.3003153692107094
sesuai,5.3003153692107094
langit,5.811140992976701
nang,6.2166061010848646
konsep,6.2166061010848646
terakhir2,6.2166061010848646
cuek,6.2166061010848646
individu,5.811140992976701
jantan,5.811140992976701
mata,5.811140992976701
balap,6.2166061010848646
rangin,6.2166061010848646
celah,6.2166061010848646
yaudah,6.2166061010848646
sisi,5.811140992976701
lelah,5.523458920524919
mashaallah,6.2166061010848646
malam,4.511858008846439
gapapa,6.2166061010848646
balas,5.117993812416755
dikabarin,6.2166061010848646
telat,5.811140992976701
rezeki,6.2166061010848646
transfer,6.2166061010848646
ellemen,6.2166061010848646
bimbing,5.811140992976701
tunas,6.2166061010848646
sibuksibuknya,6.2166061010848646
tawau,5.811140992976701
riset,5.811140992976701
pidato,6.2166061010848646
awat,6.2166061010848646
tinjau,5.523458920524919
logo,6.2166061010848646
posisi,6.2166061010848646
klien,5.811140992976701
komisi,6.2166061010848646
cermin,6.2166061010848646
poster,6.2166061010848646
slogan,6.2166061010848646
reaksi,6.2166061010848646
ncp,6.2166061010848646
lisan,5.811140992976701
puisi,6.2166061010848646
argumentatif,6.2166061010848646
jurnal,5.117993812416755
infografis,6.2166061010848646
rrl,6.2166061010848646
warna,6.2166061010848646
kene,5.811140992976701
korg,6.2166061010848646
halo,5.811140992976701
pon,5.3003153692107094
adek,5.117993812416755
punya2,6.2166061010848646
duluannn,6.2166061010848646
goyang2,6.2166061010848646
obrol,5.117993812416755
mohon,6.2166061010848646
warga,5.3003153692107094
perintah,5.523458920524919
penjara,6.2166061010848646
pulih,6.2166061010848646
vonis,6.2166061010848646
istirahat,5.811140992976701
hati,5.117993812416755
cuaca,6.2166061010848646
suasana,6.2166061010848646
hujan,5.811140992976701
tebal,5.811140992976701
fakultas,5.523458920524919
bohong,5.811140992976701
tung,6.2166061010848646
laris,6.2166061010848646
incar,6.2166061010848646
canggung,5.811140992976701
kota,4.9638431325894965
fantastis,6.2166061010848646
ayah,5.3003153692107094
kualitas,6.2166061010848646
animasi,5.3003153692107094
bentuk,5.117993812416755
13,5.523458920524919
google,5.117993812416755
cabang,4.830311739964974
nasrullah,6.2166061010848646
jpk,5.811140992976701
panel,6.2166061010848646
rekomendasi,5.523458920524919
sampah,6.2166061010848646
tn,5.811140992976701
psikologi,5.811140992976701
sembilan,5.3003153692107094
deket2,6.2166061010848646
huhu,5.523458920524919
tembaga,6.2166061010848646
notif,6.2166061010848646
getar,6.2166061010848646
surabaya,6.2166061010848646
bangsa,5.811140992976701
kacau,6.2166061010848646
adik,6.2166061010848646
kadang2,6.2166061010848646
ulang,4.9638431325894965
tuju,5.3003153692107094
habis2,6.2166061010848646
kabar,4.9638431325894965
sakit,4.9638431325894965
semenanjung,6.2166061010848646
dahi,6.2166061010848646
tahu2,6.2166061010848646
sayaaa,6.2166061010848646
dm,4.712528704308591
kerjaa,6.2166061010848646
kau,5.523458920524919
anjayy,6.2166061010848646
organisasi2,6.2166061010848646
serius,5.523458920524919
2020,5.523458920524919
esai,6.2166061010848646
steker,6.2166061010848646
matematika,5.117993812416755
sedia,5.811140992976701
dokumen,6.2166061010848646
jempol,5.811140992976701
profesor,5.811140992976701
gubernur,6.2166061010848646
yayasan,6.2166061010848646
sik,5.3003153692107094
alias,6.2166061010848646
fungsional,6.2166061010848646
tunjang,5.3003153692107094
serdos,6.2166061010848646
dimensi,6.2166061010848646
sipit,6.2166061010848646
baskoro,6.2166061010848646
singa,6.2166061010848646
gadeng,6.2166061010848646
jends,5.811140992976701
ipk,6.2166061010848646
ngaruh,6.2166061010848646
tranparantasi,6.2166061010848646
penasaran,5.811140992976701
akun,5.523458920524919
maaf,5.523458920524919
logis,6.2166061010848646
pwt,5.811140992976701
editornim,6.2166061010848646
gq,6.2166061010848646
bangga,6.2166061010848646
rumit,6.2166061010848646
mustahil,5.523458920524919
tendang,6.2166061010848646
libra,6.2166061010848646
amal,5.811140992976701
puja,6.2166061010848646
mengerjutkan,6.2166061010848646
tumpuk,6.2166061010848646
simpul,5.523458920524919
serapih,6.2166061010848646
wkwk,5.3003153692107094
dirapihin,6.2166061010848646
coret2an,6.2166061010848646
acak,6.2166061010848646
putar,6.2166061010848646
libur,6.2166061010848646
alex,5.811140992976701
pastu,5.523458920524919
dada,5.811140992976701
tiran,6.2166061010848646
kunjung,5.523458920524919
kyunghee,5.523458920524919
ahjumma,5.523458920524919
fansnya,5.523458920524919
ambil,4.607168188650764
kunci,6.2166061010848646
koleksi,6.2166061010848646
wae,6.2166061010848646
nyonya,6.2166061010848646
edit,5.811140992976701
harap,6.2166061010848646
selamat,5.811140992976701
pasuk,5.3003153692107094
bal,6.2166061010848646
larut,5.811140992976701
lpj,6.2166061010848646
epistemik,6.2166061010848646
administratif,6.2166061010848646
sali,5.811140992976701
mewah,6.2166061010848646
komunitas,6.2166061010848646
kesana,6.2166061010848646
ftv,6.2166061010848646
contoh,6.2166061010848646
lantas,6.2166061010848646
kesini,6.2166061010848646
hambat,6.2166061010848646
daun,6.2166061010848646
ngopi,6.2166061010848646
ubah,5.811140992976701
intensif,6.2166061010848646
tanding,6.2166061010848646
jelang,6.2166061010848646
latih,6.2166061010848646
pagi,4.344803924183274
oh,5.811140992976701
roh,6.2166061010848646
sarap,6.2166061010848646
wow,5.811140992976701
aktivitas,5.811140992976701
nikita,6.2166061010848646
ngomelin,6.2166061010848646
domestik,6.2166061010848646
halus,6.2166061010848646
sikap,6.2166061010848646
beda,5.523458920524919
negeri,6.2166061010848646
barat,5.811140992976701
beijing,6.2166061010848646
bolak,6.2166061010848646
visualsasi,6.2166061010848646
grup,6.2166061010848646
domino,6.2166061010848646
nyuroh,6.2166061010848646
cincang,6.2166061010848646
daging,6.2166061010848646
hadiah,6.2166061010848646
kdk,6.2166061010848646
mandi,6.2166061010848646
topik,5.811140992976701
entot,5.811140992976701
kelinci,6.2166061010848646
interaksi,6.2166061010848646
ridha,6.2166061010848646
praktikum,5.811140992976701
317,6.2166061010848646
nio,6.2166061010848646
aju,6.2166061010848646
tulis,4.830311739964974
timbang,5.811140992976701
kentang,6.2166061010848646
timbul,6.2166061010848646
normal,5.811140992976701
nasional,6.2166061010848646
nila,5.811140992976701
debat,6.2166061010848646
leceh,6.2166061010848646
pemberitahuan,5.811140992976701
sergap,6.2166061010848646
gera,6.2166061010848646
sidang,5.523458920524919
mpp,6.2166061010848646
00,6.2166061010848646
upm,6.2166061010848646
makmur,6.2166061010848646
publik,6.2166061010848646
serawak,6.2166061010848646
klub,5.3003153692107094
singkat,5.811140992976701
cipta,6.2166061010848646
efek,6.2166061010848646
iium,6.2166061010848646
nyata,6.2166061010848646
ure,6.2166061010848646
olahraga,5.3003153692107094
powerpoint,5.811140992976701
pemrograman,5.523458920524919
pakan,5.811140992976701
bayar,4.712528704308591
pantat,5.3003153692107094
presentasi,5.523458920524919
jebak,5.523458920524919
menang,5.811140992976701
partai,6.2166061010848646
sarjana,6.2166061010848646
berkat,6.2166061010848646
buruh,6.2166061010848646
rajawali,6.2166061010848646
awas,5.811140992976701
dewan,6.2166061010848646
ulama,6.2166061010848646
boneka,6.2166061010848646
senator,6.2166061010848646
skiripsinya,6.2166061010848646
rindu,6.2166061010848646
disertasi,6.2166061010848646
didik,5.117993812416755
dewa,6.2166061010848646
jawa,5.811140992976701
chelsea,6.2166061010848646
cahaya,6.2166061010848646
diskon,6.2166061010848646
100,5.523458920524919
turnitin,6.2166061010848646
rl,6.2166061010848646
kaksusjjsjsjs,6.2166061010848646
robek,5.811140992976701
kunyah,6.2166061010848646
fattahaminkhaibaharmira,6.2166061010848646
filsafat,6.2166061010848646
lezat,5.811140992976701
laptop,5.811140992976701
8,5.811140992976701
batal,5.811140992976701
prabowo,5.811140992976701
subianto,5.811140992976701
bahak,5.811140992976701
6,6.2166061010848646
pura,6.2166061010848646
racun,6.2166061010848646
akalinnya,6.2166061010848646
sasar,5.811140992976701
buah,5.811140992976701
murni,6.2166061010848646
cewek,6.2166061010848646
motor,6.2166061010848646
sepeda,6.2166061010848646
benar,6.2166061010848646
warnet,6.2166061010848646
ringan,6.2166061010848646
julid,6.2166061010848646
antem,6.2166061010848646
biaya,5.523458920524919
gaya,6.2166061010848646
makassar,6.2166061010848646
vaksinasi,5.523458920524919
dosis,6.2166061010848646
politeknik,6.2166061010848646
foto,5.523458920524919
senyum,6.2166061010848646
rori,6.2166061010848646
bank,5.117993812416755
william,6.2166061010848646
pangeran,6.2166061010848646
diaz,6.2166061010848646
kerangka,6.2166061010848646
vitor,6.2166061010848646
tugasmengambil,6.2166061010848646
pakistan,6.2166061010848646
kimia,6.2166061010848646
harry,6.2166061010848646
sumbang,5.811140992976701
pnbp,6.2166061010848646
1999,6.2166061010848646
sungai,5.523458920524919
hm,6.2166061010848646
layar,5.811140992976701
dokumenter,5.811140992976701
www,6.2166061010848646
spanyol,6.2166061010848646
mantel,6.2166061010848646
qf,5.811140992976701
gabung,5.811140992976701
alazar,6.2166061010848646
catur,6.2166061010848646
himpun,6.2166061010848646
partisipasi,6.2166061010848646
ecc,6.2166061010848646
andina,6.2166061010848646
pro,6.2166061010848646
tanjungpura,6.2166061010848646
reza,6.2166061010848646
viii,6.2166061010848646
sumpah,5.523458920524919
depok,6.2166061010848646
8200,6.2166061010848646
000,6.2166061010848646
surakarta,6.2166061010848646
92,6.2166061010848646
sontoloyo,6.2166061010848646
tangkap,6.2166061010848646
atap,6.2166061010848646
marah,5.811140992976701
njiirrrr,6.2166061010848646
begitu,6.2166061010848646
dongkrak,6.2166061010848646
ppkm,6.2166061010848646
cegah,6.2166061010848646
unindra,6.2166061010848646
sebar,5.811140992976701
bijak,6.2166061010848646
administrasi,5.523458920524919
wilayah,6.2166061010848646
barel,6.2166061010848646
lacur,6.2166061010848646
ngehadepin,6.2166061010848646
kapai,5.811140992976701
ngeread,6.2166061010848646
bingung,5.523458920524919
responnya,6.2166061010848646
lang,5.811140992976701
bel,5.3003153692107094
tukin,5.3003153692107094
suap,6.2166061010848646
pria,5.3003153692107094
nuduh2,6.2166061010848646
antarmuka,5.811140992976701
umk,6.2166061010848646
goyang,6.2166061010848646
gueeee,6.2166061010848646
sial,5.811140992976701
mencret,6.2166061010848646
galau,6.2166061010848646
beres,6.2166061010848646
capai,6.2166061010848646
jangkau,6.2166061010848646
dolok,6.2166061010848646
lauren,5.523458920524919
tupai,5.523458920524919
sweter,5.523458920524919
muntah,5.3003153692107094
puas,6.2166061010848646
hebat,6.2166061010848646
kudu,5.523458920524919
tawa,6.2166061010848646
sopan,5.811140992976701
wkwkw,6.2166061010848646
ala,5.811140992976701
perempuan,5.811140992976701
saudara,5.523458920524919
proaktif,6.2166061010848646
muka,6.2166061010848646
komunikasi,6.2166061010848646
sera,6.2166061010848646
langgar,6.2166061010848646
kafetaria,6.2166061010848646
massa,6.2166061010848646
tatap,6.2166061010848646
serigala,6.2166061010848646
kadazan,6.2166061010848646
bukit,6.2166061010848646
juni,5.811140992976701
vila,6.2166061010848646
lumpuh,6.2166061010848646
kedah,6.2166061010848646
kampung,6.2166061010848646
penampang,6.2166061010848646
desa,6.2166061010848646
utara,6.2166061010848646
tiup,6.2166061010848646
1326,6.2166061010848646
kinabalu,6.2166061010848646
pkpd,5.811140992976701
tekun,6.2166061010848646
kotak,5.811140992976701
leonardo,6.2166061010848646
raph,6.2166061010848646
vinci,6.2166061010848646
dah,6.2166061010848646
bocor,6.2166061010848646
lonjak,6.2166061010848646
jari,6.2166061010848646
gomb,6.2166061010848646
kadang,5.117993812416755
murah,6.2166061010848646
berat,6.2166061010848646
layanin,6.2166061010848646
nurl,5.811140992976701
n,5.811140992976701
pustaka,5.523458920524919
mengerti,6.2166061010848646
enggak,6.2166061010848646
karantina,6.2166061010848646
almameter,6.2166061010848646
kesel,6.2166061010848646
mending,6.2166061010848646
jawabny,6.2166061010848646
ikat,6.2166061010848646
bolpoin,6.2166061010848646
pensil,6.2166061010848646
keluar,6.2166061010848646
unsoed,6.2166061010848646
transparasi,5.811140992976701
basis,6.2166061010848646
hitung,5.811140992976701
rewel,6.2166061010848646
link,5.811140992976701
2017,6.2166061010848646
kem,6.2166061010848646
kaprodi,6.2166061010848646
adana,6.2166061010848646
brondong,6.2166061010848646
serang,5.811140992976701
sewa,6.2166061010848646
prakarsa,6.2166061010848646
toko,6.2166061010848646
ngeganti,6.2166061010848646
kosong,5.811140992976701
24sk,6.2166061010848646
uasnya,6.2166061010848646
derajat,5.3003153692107094
pagar,5.811140992976701
eia,6.2166061010848646
2022,6.2166061010848646
setan,6.2166061010848646
fisik,6.2166061010848646
pantai,5.811140992976701
lembah,5.811140992976701
ledak,5.811140992976701
dobel,6.2166061010848646
pandu,6.2166061010848646
setir,5.811140992976701
labu,6.2166061010848646
semesta,6.2166061010848646
fisip,6.2166061010848646
febri,6.2166061010848646
opini,6.2166061010848646
ganda,6.2166061010848646
terbit,5.811140992976701
kompas,6.2166061010848646
kurniawan,6.2166061010848646
harfiah,6.2166061010848646
senang,5.3003153692107094
musim,5.117993812416755
dingin,6.2166061010848646
potensi,6.2166061010848646
buluh,6.2166061010848646
rahasia,5.811140992976701
duit,5.3003153692107094
bangkit,5.523458920524919
tawan,5.523458920524919
rekan,5.523458920524919
ckck,5.811140992976701
anti,5.3003153692107094
info,5.811140992976701
kepo,5.811140992976701
sabtu,6.2166061010848646
kolam,6.2166061010848646
renang,6.2166061010848646
perangai2,6.2166061010848646
urung,6.2166061010848646
kembang,6.2166061010848646
investasi,6.2166061010848646
tiada,6.2166061010848646
biadab,6.2166061010848646
marwah,6.2166061010848646
diet,5.811140992976701
nyungsep,6.2166061010848646
belok,6.2166061010848646
kecup,6.2166061010848646
lidah,6.2166061010848646
operasi,6.2166061010848646
rapat,6.2166061010848646
merpati,6.2166061010848646
dll,5.811140992976701
gantung,5.3003153692107094
babi,5.523458920524919
subjek,6.2166061010848646
skala,6.2166061010848646
110,6.2166061010848646
barang,6.2166061010848646
ngamen,6.2166061010848646
loh,6.2166061010848646
tukang,5.811140992976701
serikat,5.811140992976701
jilboobs,6.2166061010848646
padang,5.811140992976701
bisyar,6.2166061010848646
laba,6.2166061010848646
girang,6.2166061010848646
binal,6.2166061010848646
toge,6.2166061010848646
dewasa,6.2166061010848646
bispak,6.2166061010848646
bonus,6.2166061010848646
telanjang,6.2166061010848646
bloger,6.2166061010848646
kontributor,6.2166061010848646
porno,6.2166061010848646
jaring,6.2166061010848646
situs,6.2166061010848646
lonte,6.2166061010848646
sebelumndi,6.2166061010848646
xf0,6.2166061010848646
x9f,6.2166061010848646
x98,6.2166061010848646
amuk,6.2166061010848646
bocah,6.2166061010848646
tolol,5.811140992976701
gemuk,6.2166061010848646
bidang,5.811140992976701
detik,5.811140992976701
kooperatif,6.2166061010848646
maksud,6.2166061010848646
misi,6.2166061010848646
lokio,6.2166061010848646
panas,5.811140992976701
kuim,5.811140992976701
2005,5.811140992976701
bandar,5.811140992976701
kanselir,5.811140992976701
lagiperbaikiperbaikukuba,6.2166061010848646
ngetiknya,6.2166061010848646
keledai,5.811140992976701
perbaikiperbaikicopypaste,6.2166061010848646
whatsappclosegajadi,6.2166061010848646
wali,6.2166061010848646
ruangobrolancekcekcek,6.2166061010848646
lemah,6.2166061010848646
draf,6.2166061010848646
simulasi,6.2166061010848646
14,5.811140992976701
malas,6.2166061010848646
majelis,5.811140992976701
budak2,6.2166061010848646
meiwaku,6.2166061010848646
sistem,5.523458920524919
deshhou,6.2166061010848646
hmm,5.811140992976701
kilometer,6.2166061010848646
rr,6.2166061010848646
armando,5.523458920524919
non,6.2166061010848646
gumpal,6.2166061010848646
vc,6.2166061010848646
otak,5.811140992976701
kombinasi,6.2166061010848646
sukur,6.2166061010848646
minimal,6.2166061010848646
iris,6.2166061010848646
kotor,6.2166061010848646
sepuh,6.2166061010848646
mbak,5.811140992976701
massal,6.2166061010848646
sistematis,6.2166061010848646
dinaikin,6.2166061010848646
yoweslah,6.2166061010848646
agung,6.2166061010848646
huni,6.2166061010848646
andara,6.2166061010848646
lokasi,6.2166061010848646
huft,6.2166061010848646
dikit,6.2166061010848646
diungkit2,6.2166061010848646
kiat,5.811140992976701
sejarah,6.2166061010848646
hanes,6.2166061010848646
momen,6.2166061010848646
kajur,6.2166061010848646
gaenak,6.2166061010848646
kuota,5.811140992976701
nyelip,5.811140992976701
dadak,5.523458920524919
nasi,6.2166061010848646
sari,6.2166061010848646
teh,6.2166061010848646
campur,6.2166061010848646
saus,6.2166061010848646
siapaaaaaaaaaaaaa,6.2166061010848646
kaum,6.2166061010848646
17,6.2166061010848646
selese,6.2166061010848646
dikumpulin,6.2166061010848646
baris,6.2166061010848646
komandan,6.2166061010848646
apresiasi,6.2166061010848646
bsm,6.2166061010848646
licik,6.2166061010848646
gerah,6.2166061010848646
kiasu,6.2166061010848646
kursus,6.2166061010848646
bagal,6.2166061010848646
sd,6.2166061010848646
krim,5.811140992976701
bersin,5.811140992976701
obat,5.811140992976701
flu,5.811140992976701
demam,5.811140992976701
thisepanjang,6.2166061010848646
kuliahastra,6.2166061010848646
lokal,5.811140992976701
tim,6.2166061010848646
karen,5.811140992976701
restoran,5.811140992976701
umi,6.2166061010848646
mhs,6.2166061010848646
bachtiar,6.2166061010848646
krs,6.2166061010848646
populer,6.2166061010848646
sungjin,6.2166061010848646
kekdosenbgt,6.2166061010848646
diupload,6.2166061010848646
lolos,6.2166061010848646
platform,5.811140992976701
rek,6.2166061010848646
alhasil,6.2166061010848646
asisten,6.2166061010848646
ide,6.2166061010848646
takdir,6.2166061010848646
pendeta,6.2166061010848646
sastra,6.2166061010848646
petitih,6.2166061010848646
sucipto,6.2166061010848646
jurus,6.2166061010848646
kaget,6.2166061010848646
semarang,6.2166061010848646
purnomo,6.2166061010848646
peta,6.2166061010848646
buntu,6.2166061010848646
akal,5.811140992976701
apbn,6.2166061010848646
rawat,6.2166061010848646
kuliah2,6.2166061010848646
dendam,6.2166061010848646
nyanyi,5.811140992976701
pantau,6.2166061010848646
sumpek,6.2166061010848646
goro,6.2166061010848646
senja,6.2166061010848646
kuantitatif,6.2166061010848646
sulang,6.2166061010848646
yeayyy,6.2166061010848646
nikmat,6.2166061010848646
gebetan,6.2166061010848646
paket,6.2166061010848646
abdul,6.2166061010848646
raub,6.2166061010848646
razak,6.2166061010848646
pustakawan,6.2166061010848646
semu,6.2166061010848646
dqh,6.2166061010848646
benci,6.2166061010848646
hahahahahahahahaha,6.2166061010848646
seb,6.2166061010848646
harimau,6.2166061010848646
berezina,6.2166061010848646
seni,5.811140992976701
karyawan,6.2166061010848646
dirgantara,6.2166061010848646
adisutjipto,6.2166061010848646
perinci,6.2166061010848646
bar,6.2166061010848646
semster,6.2166061010848646
doain,6.2166061010848646
asa,6.2166061010848646
ceria,6.2166061010848646
seks,6.2166061010848646
rokok,6.2166061010848646
mantap,6.2166061010848646
selimut,6.2166061010848646
selip,6.2166061010848646
informasi,5.811140992976701
sepakat,5.811140992976701
mantee,6.2166061010848646
ckckckk,6.2166061010848646
bintang,6.2166061010848646
hehehe,6.2166061010848646
debu,6.2166061010848646
pesta,6.2166061010848646
orbit,6.2166061010848646
melayu,5.811140992976701
bulacan,6.2166061010848646
cbz,6.2166061010848646
noda,5.811140992976701
manajemen,6.2166061010848646
pancasila,5.811140992976701
ppt,6.2166061010848646
usul,6.2166061010848646
bismillah,6.2166061010848646
kosku,6.2166061010848646
cerpen,6.2166061010848646
pkn,6.2166061010848646
bidan,6.2166061010848646
makalah,6.2166061010848646
soshum,6.2166061010848646
ketik,6.2166061010848646
kamp,6.2166061010848646
menganalisa,6.2166061010848646
waktujosh,6.2166061010848646
tari,6.2166061010848646
taiwan,6.2166061010848646
inspirasi,6.2166061010848646
panutanqu,6.2166061010848646
bias,6.2166061010848646
tkb,6.2166061010848646
sudut,6.2166061010848646
konsultasi,6.2166061010848646
pesantren,6.2166061010848646
pondok,6.2166061010848646
azhar,6.2166061010848646
agen,6.2166061010848646
aset,6.2166061010848646
tonjol,6.2166061010848646
mi6,6.2166061010848646
1ab107,6.2166061010848646
jet,6.2166061010848646
antan,5.811140992976701
jejak,6.2166061010848646
adab,6.2166061010848646
hancur,6.2166061010848646
radikal,6.2166061010848646
mesjid,6.2166061010848646
suara,6.2166061010848646
tido,6.2166061010848646
marek,6.2166061010848646
mok,6.2166061010848646
aluminium,6.2166061010848646
perban,6.2166061010848646
hahahahahahaha,6.2166061010848646
ilmiah,6.2166061010848646
bengkal,6.2166061010848646
riau,6.2166061010848646
denny,6.2166061010848646
judes,6.2166061010848646
fotocopy,6.2166061010848646
rekreasi,6.2166061010848646
bugar,6.2166061010848646
resmi,6.2166061010848646
kardio,6.2166061010848646
youtube,6.2166061010848646
seremban,6.2166061010848646
fosrek,6.2166061010848646
9,6.2166061010848646
imbangin,6.2166061010848646
dikandangin,6.2166061010848646
dibatalin,6.2166061010848646
diuangin,6.2166061010848646
dijualin,6.2166061010848646
disatronin,6.2166061010848646
dipaksain,6.2166061010848646
distribusi,6.2166061010848646
jahat,6.2166061010848646
haram,6.2166061010848646
bayi,6.2166061010848646
karya,6.2166061010848646
remeh,6.2166061010848646
bacot,6.2166061010848646
stres,6.2166061010848646
kalajengking,6.2166061010848646
walikota,6.2166061010848646
sembrono,6.2166061010848646
stroke,6.2166061010848646
nyinyir,6.2166061010848646
asuh,6.2166061010848646
kerang,6.2166061010848646
yogyakarta,6.2166061010848646
pose,6.2166061010848646
pacar,6.2166061010848646
gabang,6.2166061010848646
niat,6.2166061010848646
mecucu,6.2166061010848646
pokok,6.2166061010848646
swafoto,6.2166061010848646
guru2,6.2166061010848646
lil,6.2166061010848646
jadiiii,6.2166061010848646
ketu,6.2166061010848646
sertifikat,6.2166061010848646
asdfgjkl,6.2166061010848646
46,6.2166061010848646
satpam,6.2166061010848646
daaan,6.2166061010848646
syarat,6.2166061010848646
tni,6.2166061010848646
mtk,6.2166061010848646
karib,6.2166061010848646
knpsih,6.2166061010848646
adzan,6.2166061010848646
urus,6.2166061010848646
diposting,6.2166061010848646
ngeri,6.2166061010848646
ngantuk,6.2166061010848646
euro,6.2166061010848646
fokus,6.2166061010848646
gemasian,6.2166061010848646
republik,6.2166061010848646
maju,6.2166061010848646
acara,6.2166061010848646
padjadjaran,6.2166061010848646
tiongkok,6.2166061010848646
sumringah,6.2166061010848646
entar,6.2166061010848646
kusut,6.2166061010848646
praktik,6.2166061010848646
kang,6.2166061010848646
epak,6.2166061010848646
adil,5.811140992976701
inti,6.2166061010848646
tipe,6.2166061010848646
gereja,6.2166061010848646
bakri,6.2166061010848646
kansil,6.2166061010848646
alokasi,6.2166061010848646
60k,6.2166061010848646
poin,6.2166061010848646
125,6.2166061010848646
total,6.2166061010848646
240,6.2166061010848646
251,6.2166061010848646
doktor,6.2166061010848646
peluang,6.2166061010848646
p,6.2166061010848646
anonim,6.2166061010848646
bungkam,6.2166061010848646
kritis,6.2166061010848646
era,6.2166061010848646
akademik,6.2166061010848646
panik,6.2166061010848646
adik2,6.2166061010848646
sukses,6.2166061010848646
loncat,6.2166061010848646
gelembung,6.2166061010848646
kemudi,6.2166061010848646
cac,6.2166061010848646
khawatir,6.2166061010848646
titik,6.2166061010848646
arang,6.2166061010848646
mutih,6.2166061010848646
loundri,6.2166061010848646
jasa,6.2166061010848646
proses,6.2166061010848646
